,mean,sd,hdi_3%,hdi_97%,mcse_mean,mcse_sd,ess_bulk,ess_tail,r_hat
intercept,-0.262,0.145,-0.515,0.015,0.003,0.001,1858.0,5289.0,1.0
level_effects[0],0.906,0.301,0.379,1.486,0.005,0.002,4031.0,8673.0,1.0
level_effects[1],0.012,0.188,-0.346,0.333,0.004,0.002,2654.0,7100.0,1.0
level_effects[2],-0.448,0.188,-0.799,-0.122,0.004,0.001,1866.0,7240.0,1.0
level_effects[3],-0.471,0.229,-0.895,-0.034,0.004,0.002,3645.0,8565.0,1.0
effect,-0.287,0.321,-0.842,0.383,0.023,0.013,245.0,565.0,1.02
sd_fluctuation,0.665,0.436,0.001,1.44,0.016,0.005,737.0,1813.0,1.01
p[0],0.331,0.036,0.262,0.399,0.0,0.0,5879.0,10527.0,1.0
p[1],0.331,0.036,0.262,0.399,0.0,0.0,5879.0,10527.0,1.0
p[2],0.438,0.045,0.353,0.523,0.001,0.0,5782.0,9603.0,1.0
p[3],0.438,0.045,0.353,0.523,0.001,0.0,5782.0,9603.0,1.0
p[4],0.438,0.045,0.353,0.523,0.001,0.0,5782.0,9603.0,1.0
p[5],0.328,0.062,0.213,0.443,0.002,0.0,1551.0,6771.0,1.0
p[6],0.438,0.045,0.353,0.523,0.001,0.0,5782.0,9603.0,1.0
p[7],0.331,0.036,0.262,0.399,0.0,0.0,5879.0,10527.0,1.0
p[8],0.331,0.036,0.262,0.399,0.0,0.0,5879.0,10527.0,1.0
p[9],0.331,0.036,0.262,0.399,0.0,0.0,5879.0,10527.0,1.0
p[10],0.65,0.085,0.5,0.81,0.002,0.001,2660.0,7203.0,1.0
p[11],0.328,0.062,0.213,0.443,0.002,0.0,1551.0,6771.0,1.0
p[12],0.331,0.036,0.262,0.399,0.0,0.0,5879.0,10527.0,1.0
p[13],0.328,0.062,0.213,0.443,0.002,0.0,1551.0,6771.0,1.0
p[14],0.331,0.036,0.262,0.399,0.0,0.0,5879.0,10527.0,1.0
p[15],0.438,0.045,0.353,0.523,0.001,0.0,5782.0,9603.0,1.0
p[16],0.438,0.045,0.353,0.523,0.001,0.0,5782.0,9603.0,1.0
p[17],0.438,0.045,0.353,0.523,0.001,0.0,5782.0,9603.0,1.0
p[18],0.328,0.062,0.213,0.443,0.002,0.0,1551.0,6771.0,1.0
p[19],0.331,0.036,0.262,0.399,0.0,0.0,5879.0,10527.0,1.0
p[20],0.438,0.045,0.353,0.523,0.001,0.0,5782.0,9603.0,1.0
p[21],0.328,0.062,0.213,0.443,0.002,0.0,1551.0,6771.0,1.0
p[22],0.331,0.036,0.262,0.399,0.0,0.0,5879.0,10527.0,1.0
p[23],0.331,0.036,0.262,0.399,0.0,0.0,5879.0,10527.0,1.0
p[24],0.331,0.036,0.262,0.399,0.0,0.0,5879.0,10527.0,1.0
p[25],0.328,0.062,0.213,0.443,0.002,0.0,1551.0,6771.0,1.0
p[26],0.328,0.062,0.213,0.443,0.002,0.0,1551.0,6771.0,1.0
p[27],0.331,0.036,0.262,0.399,0.0,0.0,5879.0,10527.0,1.0
p[28],0.331,0.036,0.262,0.399,0.0,0.0,5879.0,10527.0,1.0
p[29],0.328,0.062,0.213,0.443,0.002,0.0,1551.0,6771.0,1.0
p[30],0.331,0.036,0.262,0.399,0.0,0.0,5879.0,10527.0,1.0
p[31],0.328,0.062,0.213,0.443,0.002,0.0,1551.0,6771.0,1.0
p[32],0.438,0.045,0.353,0.523,0.001,0.0,5782.0,9603.0,1.0
p[33],0.328,0.062,0.213,0.443,0.002,0.0,1551.0,6771.0,1.0
p[34],0.331,0.036,0.262,0.399,0.0,0.0,5879.0,10527.0,1.0
p[35],0.328,0.062,0.213,0.443,0.002,0.0,1551.0,6771.0,1.0
p[36],0.438,0.045,0.353,0.523,0.001,0.0,5782.0,9603.0,1.0
p[37],0.65,0.085,0.5,0.81,0.002,0.001,2660.0,7203.0,1.0
p[38],0.331,0.036,0.262,0.399,0.0,0.0,5879.0,10527.0,1.0
p[39],0.331,0.036,0.262,0.399,0.0,0.0,5879.0,10527.0,1.0
p[40],0.331,0.036,0.262,0.399,0.0,0.0,5879.0,10527.0,1.0
p[41],0.331,0.036,0.262,0.399,0.0,0.0,5879.0,10527.0,1.0
p[42],0.438,0.045,0.353,0.523,0.001,0.0,5782.0,9603.0,1.0
p[43],0.438,0.045,0.353,0.523,0.001,0.0,5782.0,9603.0,1.0
p[44],0.328,0.062,0.213,0.443,0.002,0.0,1551.0,6771.0,1.0
p[45],0.438,0.045,0.353,0.523,0.001,0.0,5782.0,9603.0,1.0
p[46],0.438,0.045,0.353,0.523,0.001,0.0,5782.0,9603.0,1.0
p[47],0.331,0.036,0.262,0.399,0.0,0.0,5879.0,10527.0,1.0
p[48],0.331,0.036,0.262,0.399,0.0,0.0,5879.0,10527.0,1.0
p[49],0.438,0.045,0.353,0.523,0.001,0.0,5782.0,9603.0,1.0
p[50],0.438,0.045,0.353,0.523,0.001,0.0,5782.0,9603.0,1.0
p[51],0.438,0.045,0.353,0.523,0.001,0.0,5782.0,9603.0,1.0
p[52],0.331,0.036,0.262,0.399,0.0,0.0,5879.0,10527.0,1.0
p[53],0.65,0.085,0.5,0.81,0.002,0.001,2660.0,7203.0,1.0
p[54],0.65,0.085,0.5,0.81,0.002,0.001,2660.0,7203.0,1.0
p[55],0.331,0.036,0.262,0.399,0.0,0.0,5879.0,10527.0,1.0
p[56],0.438,0.045,0.353,0.523,0.001,0.0,5782.0,9603.0,1.0
p[57],0.331,0.036,0.262,0.399,0.0,0.0,5879.0,10527.0,1.0
p[58],0.328,0.062,0.213,0.443,0.002,0.0,1551.0,6771.0,1.0
p[59],0.328,0.062,0.213,0.443,0.002,0.0,1551.0,6771.0,1.0
p[60],0.331,0.036,0.262,0.399,0.0,0.0,5879.0,10527.0,1.0
p[61],0.331,0.036,0.262,0.399,0.0,0.0,5879.0,10527.0,1.0
p[62],0.331,0.036,0.262,0.399,0.0,0.0,5879.0,10527.0,1.0
p[63],0.438,0.045,0.353,0.523,0.001,0.0,5782.0,9603.0,1.0
p[64],0.331,0.036,0.262,0.399,0.0,0.0,5879.0,10527.0,1.0
p[65],0.65,0.085,0.5,0.81,0.002,0.001,2660.0,7203.0,1.0
p[66],0.331,0.036,0.262,0.399,0.0,0.0,5879.0,10527.0,1.0
p[67],0.331,0.036,0.262,0.399,0.0,0.0,5879.0,10527.0,1.0
p[68],0.331,0.036,0.262,0.399,0.0,0.0,5879.0,10527.0,1.0
p[69],0.331,0.036,0.262,0.399,0.0,0.0,5879.0,10527.0,1.0
p[70],0.331,0.036,0.262,0.399,0.0,0.0,5879.0,10527.0,1.0
p[71],0.328,0.062,0.213,0.443,0.002,0.0,1551.0,6771.0,1.0
p[72],0.331,0.036,0.262,0.399,0.0,0.0,5879.0,10527.0,1.0
p[73],0.328,0.062,0.213,0.443,0.002,0.0,1551.0,6771.0,1.0
p[74],0.331,0.036,0.262,0.399,0.0,0.0,5879.0,10527.0,1.0
p[75],0.331,0.036,0.262,0.399,0.0,0.0,5879.0,10527.0,1.0
p[76],0.438,0.045,0.353,0.523,0.001,0.0,5782.0,9603.0,1.0
p[77],0.438,0.045,0.353,0.523,0.001,0.0,5782.0,9603.0,1.0
p[78],0.438,0.045,0.353,0.523,0.001,0.0,5782.0,9603.0,1.0
p[79],0.438,0.045,0.353,0.523,0.001,0.0,5782.0,9603.0,1.0
p[80],0.331,0.036,0.262,0.399,0.0,0.0,5879.0,10527.0,1.0
p[81],0.331,0.036,0.262,0.399,0.0,0.0,5879.0,10527.0,1.0
p[82],0.438,0.045,0.353,0.523,0.001,0.0,5782.0,9603.0,1.0
p[83],0.65,0.085,0.5,0.81,0.002,0.001,2660.0,7203.0,1.0
p[84],0.331,0.036,0.262,0.399,0.0,0.0,5879.0,10527.0,1.0
p[85],0.331,0.036,0.262,0.399,0.0,0.0,5879.0,10527.0,1.0
p[86],0.328,0.062,0.213,0.443,0.002,0.0,1551.0,6771.0,1.0
p[87],0.331,0.036,0.262,0.399,0.0,0.0,5879.0,10527.0,1.0
p[88],0.438,0.045,0.353,0.523,0.001,0.0,5782.0,9603.0,1.0
p[89],0.328,0.062,0.213,0.443,0.002,0.0,1551.0,6771.0,1.0
p[90],0.438,0.045,0.353,0.523,0.001,0.0,5782.0,9603.0,1.0
p[91],0.331,0.036,0.262,0.399,0.0,0.0,5879.0,10527.0,1.0
p[92],0.65,0.085,0.5,0.81,0.002,0.001,2660.0,7203.0,1.0
p[93],0.331,0.036,0.262,0.399,0.0,0.0,5879.0,10527.0,1.0
p[94],0.328,0.062,0.213,0.443,0.002,0.0,1551.0,6771.0,1.0
p[95],0.65,0.085,0.5,0.81,0.002,0.001,2660.0,7203.0,1.0
p[96],0.328,0.062,0.213,0.443,0.002,0.0,1551.0,6771.0,1.0
p[97],0.331,0.036,0.262,0.399,0.0,0.0,5879.0,10527.0,1.0
p[98],0.438,0.045,0.353,0.523,0.001,0.0,5782.0,9603.0,1.0
p[99],0.331,0.036,0.262,0.399,0.0,0.0,5879.0,10527.0,1.0
p[100],0.328,0.062,0.213,0.443,0.002,0.0,1551.0,6771.0,1.0
p[101],0.438,0.045,0.353,0.523,0.001,0.0,5782.0,9603.0,1.0
p[102],0.331,0.036,0.262,0.399,0.0,0.0,5879.0,10527.0,1.0
p[103],0.438,0.045,0.353,0.523,0.001,0.0,5782.0,9603.0,1.0
p[104],0.65,0.085,0.5,0.81,0.002,0.001,2660.0,7203.0,1.0
p[105],0.328,0.062,0.213,0.443,0.002,0.0,1551.0,6771.0,1.0
p[106],0.438,0.045,0.353,0.523,0.001,0.0,5782.0,9603.0,1.0
p[107],0.438,0.045,0.353,0.523,0.001,0.0,5782.0,9603.0,1.0
p[108],0.331,0.036,0.262,0.399,0.0,0.0,5879.0,10527.0,1.0
p[109],0.328,0.062,0.213,0.443,0.002,0.0,1551.0,6771.0,1.0
p[110],0.331,0.036,0.262,0.399,0.0,0.0,5879.0,10527.0,1.0
p[111],0.438,0.045,0.353,0.523,0.001,0.0,5782.0,9603.0,1.0
p[112],0.331,0.036,0.262,0.399,0.0,0.0,5879.0,10527.0,1.0
p[113],0.438,0.045,0.353,0.523,0.001,0.0,5782.0,9603.0,1.0
p[114],0.65,0.085,0.5,0.81,0.002,0.001,2660.0,7203.0,1.0
p[115],0.438,0.045,0.353,0.523,0.001,0.0,5782.0,9603.0,1.0
p[116],0.328,0.062,0.213,0.443,0.002,0.0,1551.0,6771.0,1.0
p[117],0.438,0.045,0.353,0.523,0.001,0.0,5782.0,9603.0,1.0
p[118],0.331,0.036,0.262,0.399,0.0,0.0,5879.0,10527.0,1.0
p[119],0.331,0.036,0.262,0.399,0.0,0.0,5879.0,10527.0,1.0
p[120],0.438,0.045,0.353,0.523,0.001,0.0,5782.0,9603.0,1.0
p[121],0.331,0.036,0.262,0.399,0.0,0.0,5879.0,10527.0,1.0
p[122],0.65,0.085,0.5,0.81,0.002,0.001,2660.0,7203.0,1.0
p[123],0.438,0.045,0.353,0.523,0.001,0.0,5782.0,9603.0,1.0
p[124],0.438,0.045,0.353,0.523,0.001,0.0,5782.0,9603.0,1.0
p[125],0.438,0.045,0.353,0.523,0.001,0.0,5782.0,9603.0,1.0
p[126],0.331,0.036,0.262,0.399,0.0,0.0,5879.0,10527.0,1.0
p[127],0.331,0.036,0.262,0.399,0.0,0.0,5879.0,10527.0,1.0
p[128],0.65,0.085,0.5,0.81,0.002,0.001,2660.0,7203.0,1.0
p[129],0.65,0.085,0.5,0.81,0.002,0.001,2660.0,7203.0,1.0
p[130],0.438,0.045,0.353,0.523,0.001,0.0,5782.0,9603.0,1.0
p[131],0.438,0.045,0.353,0.523,0.001,0.0,5782.0,9603.0,1.0
p[132],0.328,0.062,0.213,0.443,0.002,0.0,1551.0,6771.0,1.0
p[133],0.438,0.045,0.353,0.523,0.001,0.0,5782.0,9603.0,1.0
p[134],0.331,0.036,0.262,0.399,0.0,0.0,5879.0,10527.0,1.0
p[135],0.331,0.036,0.262,0.399,0.0,0.0,5879.0,10527.0,1.0
p[136],0.331,0.036,0.262,0.399,0.0,0.0,5879.0,10527.0,1.0
p[137],0.331,0.036,0.262,0.399,0.0,0.0,5879.0,10527.0,1.0
p[138],0.438,0.045,0.353,0.523,0.001,0.0,5782.0,9603.0,1.0
p[139],0.438,0.045,0.353,0.523,0.001,0.0,5782.0,9603.0,1.0
p[140],0.331,0.036,0.262,0.399,0.0,0.0,5879.0,10527.0,1.0
p[141],0.438,0.045,0.353,0.523,0.001,0.0,5782.0,9603.0,1.0
p[142],0.328,0.062,0.213,0.443,0.002,0.0,1551.0,6771.0,1.0
p[143],0.65,0.085,0.5,0.81,0.002,0.001,2660.0,7203.0,1.0
p[144],0.438,0.045,0.353,0.523,0.001,0.0,5782.0,9603.0,1.0
p[145],0.438,0.045,0.353,0.523,0.001,0.0,5782.0,9603.0,1.0
p[146],0.331,0.036,0.262,0.399,0.0,0.0,5879.0,10527.0,1.0
p[147],0.438,0.045,0.353,0.523,0.001,0.0,5782.0,9603.0,1.0
p[148],0.331,0.036,0.262,0.399,0.0,0.0,5879.0,10527.0,1.0
p[149],0.331,0.036,0.262,0.399,0.0,0.0,5879.0,10527.0,1.0
p[150],0.328,0.062,0.213,0.443,0.002,0.0,1551.0,6771.0,1.0
p[151],0.331,0.036,0.262,0.399,0.0,0.0,5879.0,10527.0,1.0
p[152],0.331,0.036,0.262,0.399,0.0,0.0,5879.0,10527.0,1.0
p[153],0.331,0.036,0.262,0.399,0.0,0.0,5879.0,10527.0,1.0
p[154],0.438,0.045,0.353,0.523,0.001,0.0,5782.0,9603.0,1.0
p[155],0.331,0.036,0.262,0.399,0.0,0.0,5879.0,10527.0,1.0
p[156],0.331,0.036,0.262,0.399,0.0,0.0,5879.0,10527.0,1.0
p[157],0.331,0.036,0.262,0.399,0.0,0.0,5879.0,10527.0,1.0
p[158],0.331,0.036,0.262,0.399,0.0,0.0,5879.0,10527.0,1.0
p[159],0.328,0.062,0.213,0.443,0.002,0.0,1551.0,6771.0,1.0
p[160],0.331,0.036,0.262,0.399,0.0,0.0,5879.0,10527.0,1.0
p[161],0.438,0.045,0.353,0.523,0.001,0.0,5782.0,9603.0,1.0
p[162],0.438,0.045,0.353,0.523,0.001,0.0,5782.0,9603.0,1.0
p[163],0.65,0.085,0.5,0.81,0.002,0.001,2660.0,7203.0,1.0
p[164],0.331,0.036,0.262,0.399,0.0,0.0,5879.0,10527.0,1.0
p[165],0.331,0.036,0.262,0.399,0.0,0.0,5879.0,10527.0,1.0
p[166],0.331,0.036,0.262,0.399,0.0,0.0,5879.0,10527.0,1.0
p[167],0.331,0.036,0.262,0.399,0.0,0.0,5879.0,10527.0,1.0
p[168],0.65,0.085,0.5,0.81,0.002,0.001,2660.0,7203.0,1.0
p[169],0.331,0.036,0.262,0.399,0.0,0.0,5879.0,10527.0,1.0
p[170],0.331,0.036,0.262,0.399,0.0,0.0,5879.0,10527.0,1.0
p[171],0.328,0.062,0.213,0.443,0.002,0.0,1551.0,6771.0,1.0
p[172],0.331,0.036,0.262,0.399,0.0,0.0,5879.0,10527.0,1.0
p[173],0.328,0.062,0.213,0.443,0.002,0.0,1551.0,6771.0,1.0
p[174],0.331,0.036,0.262,0.399,0.0,0.0,5879.0,10527.0,1.0
p[175],0.438,0.045,0.353,0.523,0.001,0.0,5782.0,9603.0,1.0
p[176],0.65,0.085,0.5,0.81,0.002,0.001,2660.0,7203.0,1.0
p[177],0.331,0.036,0.262,0.399,0.0,0.0,5879.0,10527.0,1.0
p[178],0.438,0.045,0.353,0.523,0.001,0.0,5782.0,9603.0,1.0
p[179],0.331,0.036,0.262,0.399,0.0,0.0,5879.0,10527.0,1.0
p[180],0.331,0.036,0.262,0.399,0.0,0.0,5879.0,10527.0,1.0
p[181],0.438,0.045,0.353,0.523,0.001,0.0,5782.0,9603.0,1.0
p[182],0.331,0.036,0.262,0.399,0.0,0.0,5879.0,10527.0,1.0
p[183],0.331,0.036,0.262,0.399,0.0,0.0,5879.0,10527.0,1.0
p[184],0.331,0.036,0.262,0.399,0.0,0.0,5879.0,10527.0,1.0
p[185],0.328,0.062,0.213,0.443,0.002,0.0,1551.0,6771.0,1.0
p[186],0.438,0.045,0.353,0.523,0.001,0.0,5782.0,9603.0,1.0
p[187],0.331,0.036,0.262,0.399,0.0,0.0,5879.0,10527.0,1.0
p[188],0.65,0.085,0.5,0.81,0.002,0.001,2660.0,7203.0,1.0
p[189],0.331,0.036,0.262,0.399,0.0,0.0,5879.0,10527.0,1.0
p[190],0.331,0.036,0.262,0.399,0.0,0.0,5879.0,10527.0,1.0
p[191],0.328,0.062,0.213,0.443,0.002,0.0,1551.0,6771.0,1.0
p[192],0.328,0.062,0.213,0.443,0.002,0.0,1551.0,6771.0,1.0
p[193],0.438,0.045,0.353,0.523,0.001,0.0,5782.0,9603.0,1.0
p[194],0.331,0.036,0.262,0.399,0.0,0.0,5879.0,10527.0,1.0
p[195],0.65,0.085,0.5,0.81,0.002,0.001,2660.0,7203.0,1.0
p[196],0.65,0.085,0.5,0.81,0.002,0.001,2660.0,7203.0,1.0
p[197],0.331,0.036,0.262,0.399,0.0,0.0,5879.0,10527.0,1.0
p[198],0.438,0.045,0.353,0.523,0.001,0.0,5782.0,9603.0,1.0
p[199],0.438,0.045,0.353,0.523,0.001,0.0,5782.0,9603.0,1.0
p[200],0.438,0.045,0.353,0.523,0.001,0.0,5782.0,9603.0,1.0
p[201],0.438,0.045,0.353,0.523,0.001,0.0,5782.0,9603.0,1.0
p[202],0.331,0.036,0.262,0.399,0.0,0.0,5879.0,10527.0,1.0
p[203],0.331,0.036,0.262,0.399,0.0,0.0,5879.0,10527.0,1.0
p[204],0.331,0.036,0.262,0.399,0.0,0.0,5879.0,10527.0,1.0
p[205],0.331,0.036,0.262,0.399,0.0,0.0,5879.0,10527.0,1.0
p[206],0.65,0.085,0.5,0.81,0.002,0.001,2660.0,7203.0,1.0
p[207],0.438,0.045,0.353,0.523,0.001,0.0,5782.0,9603.0,1.0
p[208],0.331,0.036,0.262,0.399,0.0,0.0,5879.0,10527.0,1.0
p[209],0.331,0.036,0.262,0.399,0.0,0.0,5879.0,10527.0,1.0
p[210],0.438,0.045,0.353,0.523,0.001,0.0,5782.0,9603.0,1.0
p[211],0.438,0.045,0.353,0.523,0.001,0.0,5782.0,9603.0,1.0
p[212],0.331,0.036,0.262,0.399,0.0,0.0,5879.0,10527.0,1.0
p[213],0.331,0.036,0.262,0.399,0.0,0.0,5879.0,10527.0,1.0
p[214],0.438,0.045,0.353,0.523,0.001,0.0,5782.0,9603.0,1.0
p[215],0.331,0.036,0.262,0.399,0.0,0.0,5879.0,10527.0,1.0
p[216],0.331,0.036,0.262,0.399,0.0,0.0,5879.0,10527.0,1.0
p[217],0.328,0.062,0.213,0.443,0.002,0.0,1551.0,6771.0,1.0
p[218],0.438,0.045,0.353,0.523,0.001,0.0,5782.0,9603.0,1.0
p[219],0.331,0.036,0.262,0.399,0.0,0.0,5879.0,10527.0,1.0
p[220],0.331,0.036,0.262,0.399,0.0,0.0,5879.0,10527.0,1.0
p[221],0.331,0.036,0.262,0.399,0.0,0.0,5879.0,10527.0,1.0
p[222],0.438,0.045,0.353,0.523,0.001,0.0,5782.0,9603.0,1.0
p[223],0.328,0.062,0.213,0.443,0.002,0.0,1551.0,6771.0,1.0
p[224],0.438,0.045,0.353,0.523,0.001,0.0,5782.0,9603.0,1.0
p[225],0.328,0.062,0.213,0.443,0.002,0.0,1551.0,6771.0,1.0
p[226],0.438,0.045,0.353,0.523,0.001,0.0,5782.0,9603.0,1.0
p[227],0.438,0.045,0.353,0.523,0.001,0.0,5782.0,9603.0,1.0
p[228],0.438,0.045,0.353,0.523,0.001,0.0,5782.0,9603.0,1.0
p[229],0.331,0.036,0.262,0.399,0.0,0.0,5879.0,10527.0,1.0
p[230],0.328,0.062,0.213,0.443,0.002,0.0,1551.0,6771.0,1.0
p[231],0.331,0.036,0.262,0.399,0.0,0.0,5879.0,10527.0,1.0
p[232],0.328,0.062,0.213,0.443,0.002,0.0,1551.0,6771.0,1.0
p[233],0.331,0.036,0.262,0.399,0.0,0.0,5879.0,10527.0,1.0
p[234],0.331,0.036,0.262,0.399,0.0,0.0,5879.0,10527.0,1.0
p[235],0.331,0.036,0.262,0.399,0.0,0.0,5879.0,10527.0,1.0
p[236],0.438,0.045,0.353,0.523,0.001,0.0,5782.0,9603.0,1.0
p[237],0.331,0.036,0.262,0.399,0.0,0.0,5879.0,10527.0,1.0
p[238],0.328,0.062,0.213,0.443,0.002,0.0,1551.0,6771.0,1.0
p[239],0.65,0.085,0.5,0.81,0.002,0.001,2660.0,7203.0,1.0
p[240],0.328,0.062,0.213,0.443,0.002,0.0,1551.0,6771.0,1.0
p[241],0.331,0.036,0.262,0.399,0.0,0.0,5879.0,10527.0,1.0
p[242],0.328,0.062,0.213,0.443,0.002,0.0,1551.0,6771.0,1.0
p[243],0.331,0.036,0.262,0.399,0.0,0.0,5879.0,10527.0,1.0
p[244],0.331,0.036,0.262,0.399,0.0,0.0,5879.0,10527.0,1.0
p[245],0.331,0.036,0.262,0.399,0.0,0.0,5879.0,10527.0,1.0
p[246],0.331,0.036,0.262,0.399,0.0,0.0,5879.0,10527.0,1.0
p[247],0.65,0.085,0.5,0.81,0.002,0.001,2660.0,7203.0,1.0
p[248],0.438,0.045,0.353,0.523,0.001,0.0,5782.0,9603.0,1.0
p[249],0.331,0.036,0.262,0.399,0.0,0.0,5879.0,10527.0,1.0
p[250],0.331,0.036,0.262,0.399,0.0,0.0,5879.0,10527.0,1.0
p[251],0.328,0.062,0.213,0.443,0.002,0.0,1551.0,6771.0,1.0
p[252],0.331,0.036,0.262,0.399,0.0,0.0,5879.0,10527.0,1.0
p[253],0.438,0.045,0.353,0.523,0.001,0.0,5782.0,9603.0,1.0
p[254],0.438,0.045,0.353,0.523,0.001,0.0,5782.0,9603.0,1.0
p[255],0.438,0.045,0.353,0.523,0.001,0.0,5782.0,9603.0,1.0
p[256],0.331,0.036,0.262,0.399,0.0,0.0,5879.0,10527.0,1.0
p[257],0.438,0.045,0.353,0.523,0.001,0.0,5782.0,9603.0,1.0
p[258],0.438,0.045,0.353,0.523,0.001,0.0,5782.0,9603.0,1.0
p[259],0.438,0.045,0.353,0.523,0.001,0.0,5782.0,9603.0,1.0
p[260],0.438,0.045,0.353,0.523,0.001,0.0,5782.0,9603.0,1.0
p[261],0.328,0.062,0.213,0.443,0.002,0.0,1551.0,6771.0,1.0
p[262],0.331,0.036,0.262,0.399,0.0,0.0,5879.0,10527.0,1.0
p[263],0.331,0.036,0.262,0.399,0.0,0.0,5879.0,10527.0,1.0
p[264],0.331,0.036,0.262,0.399,0.0,0.0,5879.0,10527.0,1.0
p[265],0.331,0.036,0.262,0.399,0.0,0.0,5879.0,10527.0,1.0
p[266],0.331,0.036,0.262,0.399,0.0,0.0,5879.0,10527.0,1.0
p[267],0.328,0.062,0.213,0.443,0.002,0.0,1551.0,6771.0,1.0
p[268],0.331,0.036,0.262,0.399,0.0,0.0,5879.0,10527.0,1.0
p[269],0.438,0.045,0.353,0.523,0.001,0.0,5782.0,9603.0,1.0
p[270],0.331,0.036,0.262,0.399,0.0,0.0,5879.0,10527.0,1.0
p[271],0.438,0.045,0.353,0.523,0.001,0.0,5782.0,9603.0,1.0
p[272],0.438,0.045,0.353,0.523,0.001,0.0,5782.0,9603.0,1.0
p[273],0.331,0.036,0.262,0.399,0.0,0.0,5879.0,10527.0,1.0
p[274],0.328,0.062,0.213,0.443,0.002,0.0,1551.0,6771.0,1.0
p[275],0.328,0.062,0.213,0.443,0.002,0.0,1551.0,6771.0,1.0
p[276],0.331,0.036,0.262,0.399,0.0,0.0,5879.0,10527.0,1.0
p[277],0.328,0.062,0.213,0.443,0.002,0.0,1551.0,6771.0,1.0
p[278],0.331,0.036,0.262,0.399,0.0,0.0,5879.0,10527.0,1.0
p[279],0.438,0.045,0.353,0.523,0.001,0.0,5782.0,9603.0,1.0
p[280],0.438,0.045,0.353,0.523,0.001,0.0,5782.0,9603.0,1.0
p[281],0.438,0.045,0.353,0.523,0.001,0.0,5782.0,9603.0,1.0
p[282],0.331,0.036,0.262,0.399,0.0,0.0,5879.0,10527.0,1.0
p[283],0.328,0.062,0.213,0.443,0.002,0.0,1551.0,6771.0,1.0
p[284],0.438,0.045,0.353,0.523,0.001,0.0,5782.0,9603.0,1.0
p[285],0.328,0.062,0.213,0.443,0.002,0.0,1551.0,6771.0,1.0
p[286],0.331,0.036,0.262,0.399,0.0,0.0,5879.0,10527.0,1.0
p[287],0.331,0.036,0.262,0.399,0.0,0.0,5879.0,10527.0,1.0
p[288],0.331,0.036,0.262,0.399,0.0,0.0,5879.0,10527.0,1.0
p[289],0.328,0.062,0.213,0.443,0.002,0.0,1551.0,6771.0,1.0
p[290],0.331,0.036,0.262,0.399,0.0,0.0,5879.0,10527.0,1.0
p[291],0.328,0.062,0.213,0.443,0.002,0.0,1551.0,6771.0,1.0
p[292],0.331,0.036,0.262,0.399,0.0,0.0,5879.0,10527.0,1.0
p[293],0.331,0.036,0.262,0.399,0.0,0.0,5879.0,10527.0,1.0
p[294],0.328,0.062,0.213,0.443,0.002,0.0,1551.0,6771.0,1.0
p[295],0.438,0.045,0.353,0.523,0.001,0.0,5782.0,9603.0,1.0
p[296],0.438,0.045,0.353,0.523,0.001,0.0,5782.0,9603.0,1.0
p[297],0.331,0.036,0.262,0.399,0.0,0.0,5879.0,10527.0,1.0
p[298],0.331,0.036,0.262,0.399,0.0,0.0,5879.0,10527.0,1.0
p[299],0.331,0.036,0.262,0.399,0.0,0.0,5879.0,10527.0,1.0
p[300],0.65,0.085,0.5,0.81,0.002,0.001,2660.0,7203.0,1.0
p[301],0.65,0.085,0.5,0.81,0.002,0.001,2660.0,7203.0,1.0
p[302],0.65,0.085,0.5,0.81,0.002,0.001,2660.0,7203.0,1.0
p[303],0.331,0.036,0.262,0.399,0.0,0.0,5879.0,10527.0,1.0
p[304],0.328,0.062,0.213,0.443,0.002,0.0,1551.0,6771.0,1.0
p[305],0.331,0.036,0.262,0.399,0.0,0.0,5879.0,10527.0,1.0
p[306],0.438,0.045,0.353,0.523,0.001,0.0,5782.0,9603.0,1.0
p[307],0.331,0.036,0.262,0.399,0.0,0.0,5879.0,10527.0,1.0
p[308],0.438,0.045,0.353,0.523,0.001,0.0,5782.0,9603.0,1.0
p[309],0.331,0.036,0.262,0.399,0.0,0.0,5879.0,10527.0,1.0
p[310],0.331,0.036,0.262,0.399,0.0,0.0,5879.0,10527.0,1.0
p[311],0.328,0.062,0.213,0.443,0.002,0.0,1551.0,6771.0,1.0
p[312],0.438,0.045,0.353,0.523,0.001,0.0,5782.0,9603.0,1.0
p[313],0.438,0.045,0.353,0.523,0.001,0.0,5782.0,9603.0,1.0
p[314],0.328,0.062,0.213,0.443,0.002,0.0,1551.0,6771.0,1.0
p[315],0.331,0.036,0.262,0.399,0.0,0.0,5879.0,10527.0,1.0
p[316],0.328,0.062,0.213,0.443,0.002,0.0,1551.0,6771.0,1.0
p[317],0.328,0.062,0.213,0.443,0.002,0.0,1551.0,6771.0,1.0
p[318],0.438,0.045,0.353,0.523,0.001,0.0,5782.0,9603.0,1.0
p[319],0.438,0.045,0.353,0.523,0.001,0.0,5782.0,9603.0,1.0
p[320],0.331,0.036,0.262,0.399,0.0,0.0,5879.0,10527.0,1.0
p[321],0.331,0.036,0.262,0.399,0.0,0.0,5879.0,10527.0,1.0
p[322],0.331,0.036,0.262,0.399,0.0,0.0,5879.0,10527.0,1.0
p[323],0.331,0.036,0.262,0.399,0.0,0.0,5879.0,10527.0,1.0
p[324],0.438,0.045,0.353,0.523,0.001,0.0,5782.0,9603.0,1.0
p[325],0.438,0.045,0.353,0.523,0.001,0.0,5782.0,9603.0,1.0
p[326],0.328,0.062,0.213,0.443,0.002,0.0,1551.0,6771.0,1.0
p[327],0.438,0.045,0.353,0.523,0.001,0.0,5782.0,9603.0,1.0
p[328],0.331,0.036,0.262,0.399,0.0,0.0,5879.0,10527.0,1.0
p[329],0.328,0.062,0.213,0.443,0.002,0.0,1551.0,6771.0,1.0
p[330],0.331,0.036,0.262,0.399,0.0,0.0,5879.0,10527.0,1.0
p[331],0.331,0.036,0.262,0.399,0.0,0.0,5879.0,10527.0,1.0
p[332],0.331,0.036,0.262,0.399,0.0,0.0,5879.0,10527.0,1.0